endDate,value,Date,isTrip
2014-12-01,1.1821499850000003,,False
2014-12-02,4.139710040000003,,False
2014-12-03,3.0963899999999986,,False
2014-12-04,10.237749122999988,,False
2014-12-05,3.1742367559999947,,False
2014-12-06,3.395896311,,False
2014-12-07,0.17207034799999998,,False
2014-12-08,4.681508239000006,,False
2014-12-09,2.829460277,,False
2014-12-10,11.713935656999992,,False
2014-12-11,2.138831665,,False
2014-12-12,3.0388727290000004,,False
2014-12-13,1.99406517,,False
2014-12-14,0.3147645970000001,,False
2014-12-15,4.025349148,,False
2014-12-16,1.258492585,,False
2014-12-17,11.131449765,,False
2014-12-18,3.9490279409999984,,False
2014-12-19,4.266389105,,False
2014-12-20,5.155515116999999,,False
2014-12-21,11.262113655999984,,False
2014-12-22,3.5951327300000013,,False
2014-12-23,4.5827525980000035,2014-12-23,True
2014-12-24,2.496376424999999,2014-12-24,True
2014-12-25,2.4000841759999987,2014-12-25,True
2014-12-26,2.3089683709999997,2014-12-26,True
2014-12-27,0.364772128,2014-12-27,True
2014-12-28,3.4527291680000003,2014-12-28,True
2014-12-29,1.9717601400000009,2014-12-29,True
2014-12-30,3.977163576,2014-12-30,True
2014-12-31,4.0230995740000015,,False
2015-01-01,0.3830745159999999,,False
2015-01-02,3.2668180189999996,,False
2015-01-03,8.440999851,,False
2015-01-04,0.8854846509999997,,False
2015-01-05,2.6500847699999985,,False
2015-01-06,10.67621516199999,,False
2015-01-07,3.4459168500000006,,False
2015-01-08,2.2622940830000005,,False
2015-01-09,10.997585471000011,,False
2015-01-10,0.6760713269999999,,False
2015-01-11,0.31312336,,False
2015-01-12,2.758806287,,False
2015-01-13,3.1878313480000005,,False
2015-01-14,2.280880325000001,,False
2015-01-15,11.381165701999993,,False
2015-01-16,2.5741141489999992,,False
2015-01-17,0.039876072000000005,,False
2015-01-18,3.0183987550000007,,False
2015-01-19,11.433872878999985,,False
2015-01-20,2.111517175999998,,False
2015-01-21,2.196092945999999,,False
2015-01-22,2.422957929,,False
2015-01-23,3.860290747,,False
2015-01-24,4.123133974999996,,False
2015-01-25,0.00647594,,False
2015-01-26,2.5747298809999983,,False
2015-01-27,2.802903481999997,,False
2015-01-28,3.861661002999999,,False
2015-01-29,11.828992062000005,,False
2015-01-30,4.467602330000002,,False
2015-01-31,2.7770562389999998,,False
2015-02-01,1.679667223,,False
2015-02-02,3.60470805,,False
2015-02-03,9.921578350000058,,False
2015-02-04,3.0387549430000016,,False
2015-02-05,2.8845738580000013,,False
2015-02-06,3.670733258,,False
2015-02-07,2.629330915999999,,False
2015-02-08,1.2175886799999989,,False
2015-02-09,3.064900998,,False
2015-02-10,0.02952432,,False
2015-02-11,3.167357276000001,,False
2015-02-12,2.479715859000001,,False
2015-02-13,3.668733696999999,,False
2015-02-14,11.345748479999983,,False
2015-02-15,0.427392076,,False
2015-02-16,3.3533305510000027,,False
2015-02-17,3.9888615780000016,,False
2015-02-18,3.458422805999996,,False
2015-02-19,3.3352114759999987,,False
2015-02-20,12.126511303999989,,False
2015-02-21,1.5751284099999994,,False
2015-02-22,0.974046875,,False
2015-02-23,2.617062975000003,,False
2015-02-24,1.8695498069999992,,False
2015-02-25,3.976173498999998,,False
2015-02-26,2.8001897239999995,,False
2015-02-27,3.729804253,,False
2015-02-28,2.340481872,,False
2015-03-01,1.21381237,,False
2015-03-02,3.069956371000002,,False
2015-03-03,11.128664442999996,,False
2015-03-04,3.269533675999998,,False
2015-03-05,4.9658231000000015,,False
2015-03-06,3.7413649710000003,,False
2015-03-07,1.847388998000001,,False
2015-03-08,8.051683711999997,,False
2015-03-09,3.6224618610000014,,False
2015-03-10,2.1273553460000008,,False
2015-03-11,3.102303054,,False
2015-03-12,11.208740800000001,,False
2015-03-13,4.5666375000000015,,False
2015-03-14,0.261956,,False
2015-03-15,0.1126234,,False
2015-03-16,3.0674476000000004,,False
2015-03-17,3.908837800000001,,False
2015-03-18,3.1145720599999986,,False
2015-03-19,3.3067616,,False
2015-03-20,11.607616669999995,,False
2015-03-21,4.093284800000001,,False
2015-03-22,2.7800961000000006,,False
2015-03-23,3.2471018000000003,,False
2015-03-24,3.5523652,,False
2015-03-25,3.792151500000001,,False
2015-03-26,0.7799809000000001,,False
2015-03-27,1.9932400999999995,,False
2015-03-28,0.1193506,,False
2015-03-29,0.28718212000000004,,False
2015-03-30,2.9157502999999996,,False
2015-03-31,3.2079407000000004,,False
2015-04-01,2.9626758,,False
2015-04-02,3.5626585299999998,,False
2015-04-03,8.7231087,,False
2015-04-04,7.421615170000003,,False
2015-04-05,1.0172269,,False
2015-04-06,4.55264856,,False
2015-04-07,4.5009149000000015,,False
2015-04-08,5.3047314000000005,,False
2015-04-09,3.4640578000000004,,False
2015-04-10,10.82226514,,False
2015-04-11,0.03558,,False
2015-04-12,1.1178632999999996,,False
2015-04-13,2.0270120199999995,,False
2015-04-14,3.1085009,,False
2015-04-15,3.3325254999999987,,False
2015-04-16,4.554576690000004,,False
2015-04-17,4.7565691600000015,,False
2015-04-18,3.6181811,,False
2015-04-19,9.1143975,,False
2015-04-20,3.235044000000001,,False
2015-04-21,4.416590199999999,,False
2015-04-22,1.0275013000000002,,False
2015-04-23,3.5975860999999982,,False
2015-04-24,4.15895896,,False
2015-04-25,1.950364,,False
2015-04-26,1.1946663000000002,,False
2015-04-27,11.514431520000002,,False
2015-04-28,2.5448302000000003,,False
2015-04-29,2.9095607400000003,,False
2015-04-30,2.0349944400000006,,False
2015-05-01,3.25685846,,False
2015-05-02,0.0715668,,False
2015-05-03,0.2206262,,False
2015-05-04,8.38211044,,False
2015-05-05,2.9591030000000003,,False
2015-05-06,3.568840500000001,,False
2015-05-07,3.1635830800000004,,False
2015-05-08,3.0342431000000007,,False
2015-05-09,1.846856,,False
2015-05-10,0.30284205,,False
2015-05-11,3.6057457,,False
2015-05-12,10.2642224,,False
2015-05-13,5.130168700000001,,False
2015-05-14,3.5440771399999997,,False
2015-05-15,2.4813633999999998,,False
2015-05-16,12.906779879999993,,False
2015-05-17,0.15263680000000002,,False
2015-05-18,3.43092012,,False
2015-05-19,2.832777119,,False
2015-05-20,3.1257374280000003,,False
2015-05-21,0.011187978999999999,,False
2015-05-22,12.724545285,,False
2015-05-23,4.271979830000002,,False
2015-05-24,1.45449301,,False
2015-05-25,2.7779575530000002,,False
2015-05-26,4.708704946999998,,False
2015-05-27,10.304181509,,False
2015-05-28,3.0243881980000005,,False
2015-05-29,4.047482767000002,,False
2015-05-30,1.6849366369999996,,False
2015-05-31,0.0137341,,False
2015-06-01,8.19521662,,False
2015-06-02,3.3534325260000015,,False
2015-06-03,3.250978377000002,,False
2015-06-04,11.966272835000002,2015-06-04,True
2015-06-05,4.032754397,2015-06-05,True
2015-06-06,6.864714917000001,2015-06-06,True
2015-06-07,0.8552006099999999,2015-06-07,True
2015-06-08,8.814642394,2015-06-08,True
2015-06-09,2.719095207,2015-06-09,True
2015-06-10,7.4489242110000005,2015-06-10,True
2015-06-11,6.83302849,2015-06-11,True
2015-06-12,2.669583902,2015-06-12,True
2015-06-13,4.0214681049999985,2015-06-13,True
2015-06-14,1.0348708050000002,,False
2015-06-15,12.399157871999998,,False
2015-06-16,2.189881039,,False
2015-06-17,2.2787806970000006,,False
2015-06-18,4.52825919,,False
2015-06-19,3.237901728,,False
2015-06-20,3.5177938080000004,,False
2015-06-21,0.84492663,,False
2015-06-22,3.4360413370000007,,False
2015-06-23,3.058981887,,False
2015-06-24,10.95423427,,False
2015-06-25,3.0668874490000007,,False
2015-06-26,5.091343932,,False
2015-06-27,1.1403334729999997,,False
2015-06-28,0.14865065,,False
2015-06-29,3.454942447000002,,False
2015-06-30,3.0533790230000006,,False
2015-07-01,11.679220397,,False
2015-07-02,4.999385948000002,,False
2015-07-03,5.0382187220000025,,False
2015-07-04,3.490469563,,False
2015-07-05,2.75393106,,False
2015-07-06,3.2235397640000003,,False
2015-07-07,11.429485726,,False
2015-07-08,3.887140251,,False
2015-07-09,2.927955015,,False
2015-07-10,2.4513508130000004,,False
2015-07-11,2.114266643,,False
2015-07-12,10.441030578,,False
2015-07-13,5.211847689999999,,False
2015-07-14,9.855674303999999,,False
2015-07-15,3.1117426020000005,,False
2015-07-16,3.147227258,,False
2015-07-17,14.671709703,,False
2015-07-18,2.079352864,,False
2015-07-19,0.006064231,,False
2015-07-20,10.352725915,,False
2015-07-21,2.1688987710000003,,False
2015-07-22,9.55334179,,False
2015-07-23,3.039026312,,False
2015-07-24,3.9955327609999993,,False
2015-07-25,0.8638938209999999,,False
2015-07-26,0.92230596,,False
2015-07-27,2.562804725000001,,False
2015-07-28,10.245034424,,False
2015-07-29,3.1122290089999995,,False
2015-07-30,4.764102968,,False
2015-07-31,10.133322753999998,,False
2015-08-01,1.3984900969999998,,False
2015-08-02,12.31810378,,False
2015-08-03,0.24384066499999996,,False
2015-08-04,2.3013941199999994,,False
2015-08-05,8.411107800000002,,False
2015-08-06,3.1152874479999983,,False
2015-08-07,10.762703899000002,,False
2015-08-08,4.187925793,,False
2015-08-09,4.8492861860000005,,False
2015-08-10,3.7007000719999987,,False
2015-08-11,3.170164878,,False
2015-08-12,10.301693559999997,,False
2015-08-13,3.2012826839999997,,False
2015-08-14,10.189199227000001,,False
2015-08-15,4.316442159999999,,False
2015-08-16,2.12313452,,False
2015-08-17,8.871463015,,False
2015-08-18,2.7670306170000005,,False
2015-08-19,2.8011551829999988,,False
2015-08-20,10.255236310000004,,False
2015-08-21,3.2101986270000005,,False
2015-08-22,3.655529604,,False
2015-08-23,3.374615716,2015-08-23,True
2015-08-24,5.160805536000001,2015-08-24,True
2015-08-25,4.661208607,2015-08-25,True
2015-08-26,6.011335975,2015-08-26,True
2015-08-27,8.073551511999996,2015-08-27,True
2015-08-28,13.111097731,2015-08-28,True
2015-08-29,8.483204622,2015-08-29,True
2015-08-30,7.753858996000003,2015-08-30,True
2015-08-31,1.472272079,,False
2015-09-01,2.9038736089999984,,False
2015-09-02,3.0093624910000014,,False
2015-09-03,3.5711609890000005,,False
2015-09-04,4.486711207000001,,False
2015-09-05,4.74234737,,False
2015-09-06,7.806454392999997,,False
2015-09-07,3.4427084800000003,,False
2015-09-08,3.0877438210000014,,False
2015-09-09,10.139836118999996,,False
2015-09-10,3.0859272849999995,,False
2015-09-11,3.1592179540000003,,False
2015-09-12,5.615521344000001,,False
2015-09-13,0.960394491,,False
2015-09-14,10.541733321999995,,False
2015-09-15,4.299246574,,False
2015-09-16,3.5653926090000008,,False
2015-09-17,5.119434282,,False
2015-09-18,2.558991946,,False
2015-09-19,11.792466528,,False
2015-09-20,1.1592264680000002,,False
2015-09-21,3.8185463979999983,,False
2015-09-22,9.704598973,,False
2015-09-23,3.582903509999998,,False
2015-09-24,4.648007517999998,,False
2015-09-25,2.761252238000001,,False
2015-09-26,4.3797769120000005,,False
2015-09-27,2.488213146,,False
2015-09-28,2.8867504540000004,,False
2015-09-29,3.634990334,,False
2015-09-30,10.147560471,,False
2015-10-01,4.786053355,,False
2015-10-02,2.4360960419999995,,False
2015-10-03,3.757974936,,False
2015-10-04,7.243334129999999,,False
2015-10-05,3.1991030679999994,,False
2015-10-06,3.064946988,,False
2015-10-07,9.165333067999999,,False
2015-10-08,2.865446121,,False
2015-10-09,2.989712813,,False
2015-10-10,1.0717045719999998,,False
2015-10-11,,,False
2015-10-12,3.0823437099999995,,False
2015-10-13,4.719902878000001,,False
2015-10-14,1.2641438919999997,,False
2015-10-15,3.0288442449999997,,False
2015-10-16,2.3314975710000003,,False
2015-10-17,3.0717854850000004,,False
2015-10-18,0.6104448619999999,,False
2015-10-19,8.763122946000001,,False
2015-10-20,3.0074886069999995,,False
2015-10-21,2.9507906260000003,,False
2015-10-22,3.459803979,,False
2015-10-23,11.240103501999998,,False
2015-10-24,0.17516138,,False
2015-10-25,1.4965313559999998,,False
2015-10-26,0.8894494299999999,,False
2015-10-27,9.007021969999998,,False
2015-10-28,2.199606625,,False
2015-10-29,2.6526637459999995,,False
2015-10-30,3.9899123980000013,,False
2015-10-31,0.05833915000000001,,False
2015-11-01,2.6424595600000003,,False
2015-11-02,5.034509376,,False
2015-11-03,10.224824672,,False
2015-11-04,2.7126718789999997,,False
2015-11-05,2.8265395499999992,,False
2015-11-06,10.970976013999998,,False
2015-11-07,2.273170024,,False
2015-11-08,0.01878843,,False
2015-11-09,2.9161765549999994,,False
2015-11-10,8.367174814,,False
2015-11-11,3.3563540029999985,,False
2015-11-12,1.9902259810000005,,False
2015-11-13,3.419104073,,False
2015-11-14,2.76003071,,False
2015-11-15,1.6211443900000004,,False
2015-11-16,8.934526991000002,,False
2015-11-17,3.095966662,,False
2015-11-18,3.7331016589999986,,False
2015-11-19,3.817344287,,False
2015-11-20,12.090227637999993,,False
2015-11-21,1.7879729449999997,,False
2015-11-22,6.644854137,,False
2015-11-23,3.662055615,,False
2015-11-24,2.2567116169999997,,False
2015-11-25,10.895827602,,False
2015-11-26,2.752043977,,False
2015-11-27,2.9365246229999995,,False
2015-11-28,12.132449567000004,,False
2015-11-29,3.4070027029999985,2015-11-29,True
2015-11-30,4.3716234069999995,2015-11-30,True
2015-12-01,4.0379769570000015,2015-12-01,True
2015-12-02,3.83860455,2015-12-02,True
2015-12-03,5.324408687000001,2015-12-03,True
2015-12-04,8.439992893999998,2015-12-04,True
2015-12-05,6.048543162999997,2015-12-05,True
2015-12-06,0.7817433100000001,,False
2015-12-07,8.84185707,,False
2015-12-08,2.40888215,,False
2015-12-09,3.2237596340000008,,False
2015-12-10,8.506071366999999,,False
2015-12-11,4.131414963000001,,False
2015-12-12,2.9721423160000002,,False
2015-12-13,11.070614099,,False
2015-12-14,2.550149765,,False
2015-12-15,3.0352154499999995,,False
2015-12-16,11.013713985000004,,False
2015-12-17,3.7773871170000017,,False
2015-12-18,5.252304070000001,,False
2015-12-19,4.5206559639999995,,False
2015-12-20,0.417913714,,False
2015-12-21,11.17470469,,False
2015-12-22,3.6327438410000004,,False
2015-12-23,11.868278313,,False
2015-12-24,3.43023727,,False
2015-12-25,0.03351459,,False
2015-12-26,0.58422864,,False
2015-12-27,12.407519523999998,,False
2015-12-28,0.2792965,,False
2015-12-29,1.1828162319999995,,False
2015-12-30,6.13357673,,False
2015-12-31,3.342962438,,False
2016-01-01,0.13132245399999998,,False
2016-01-02,6.6723508979999995,,False
2016-01-03,1.0187843600000002,,False
2016-01-04,11.084221265,,False
2016-01-05,4.8873282300000005,,False
2016-01-06,2.5872678330000003,,False
2016-01-07,3.306055623,,False
2016-01-08,,,False
2016-01-09,2.75295159,,False
2016-01-10,0.8009517760000001,,False
2016-01-11,8.712886696,,False
2016-01-12,3.574759606,,False
2016-01-13,3.8172229339999997,,False
2016-01-14,3.9625712930000003,,False
2016-01-15,9.428590970000002,,False
2016-01-16,2.4661549469999997,,False
2016-01-17,,,False
2016-01-18,10.254836883,,False
2016-01-19,3.382426960000001,,False
2016-01-20,2.61614111,,False
2016-01-21,9.257962283,,False
2016-01-22,4.093071449999999,,False
2016-01-23,3.800072032000001,,False
2016-01-24,7.006943957000001,,False
2016-01-25,4.0947454180000005,,False
2016-01-26,11.668188122,,False
2016-01-27,1.9339810300000004,,False
2016-01-28,1.04074005,,False
2016-01-29,8.105515933999998,,False
2016-01-30,11.206197990000005,2016-01-30,True
2016-01-31,3.7607655330000007,2016-01-31,True
2016-02-01,5.992260420999997,2016-02-01,True
2016-02-02,3.90292925,2016-02-02,True
2016-02-03,5.4615638350000015,2016-02-03,True
2016-02-04,8.730793745000001,2016-02-04,True
2016-02-05,10.346102393000004,2016-02-05,True
2016-02-06,3.7642173899999993,2016-02-06,True
2016-02-07,1.2229091280000002,,False
2016-02-08,8.717176627999999,,False
2016-02-09,3.0418827319999995,,False
2016-02-10,9.833732293999999,,False
2016-02-11,3.6063845800000007,,False
2016-02-12,4.211720567,,False
2016-02-13,13.080729067000005,,False
2016-02-14,2.5845253500000003,,False
2016-02-15,3.0438809420000004,,False
2016-02-16,9.212547887999998,,False
2016-02-17,2.9760524429999995,,False
2016-02-18,3.2528959550000005,,False
2016-02-19,13.543778965000005,2016-02-19,True
2016-02-20,3.87057921,2016-02-20,True
2016-02-21,5.267582307999998,2016-02-21,True
2016-02-22,6.986576346999997,2016-02-22,True
2016-02-23,10.109172116000002,2016-02-23,True
2016-02-24,5.435163259999998,,False
2016-02-25,3.6928261719999997,,False
2016-02-26,3.852372868,,False
2016-02-27,9.383434497999998,,False
2016-02-28,3.0904750069999998,,False
2016-02-29,8.970245806000001,,False
2016-03-01,5.398399595999999,,False
2016-03-02,9.361511118000005,,False
2016-03-03,3.3348812380000004,,False
2016-03-04,3.144939939,,False
2016-03-05,2.452897316,,False
2016-03-06,0.96514615,,False
2016-03-07,10.316453608000002,,False
2016-03-08,4.843059356000001,,False
2016-03-09,10.529866765,,False
2016-03-10,3.656207914,,False
2016-03-11,1.2935214740000005,,False
2016-03-12,10.773532889999998,,False
2016-03-13,4.566961860000001,,False
2016-03-14,4.407282995999999,,False
2016-03-15,0.04480399,,False
2016-03-16,9.542618009999998,,False
2016-03-17,1.0935283969999998,,False
2016-03-18,10.718703106,,False
2016-03-19,3.4669193600000003,,False
2016-03-20,0.60459742,,False
2016-03-21,9.543953792,,False
2016-03-22,4.246617597,,False
2016-03-23,9.252400063,,False
2016-03-24,4.197764519999998,,False
2016-03-25,5.0785270959999975,,False
2016-03-26,15.71035914,,False
2016-03-27,0.6727452999999999,,False
2016-03-28,4.5300701000000005,,False
2016-03-29,8.5715539,,False
2016-03-30,3.0807737800000004,,False
2016-03-31,9.54702849,,False
2016-04-01,3.5536286499999994,,False
2016-04-02,1.2238093,,False
2016-04-03,6.0333033600000014,,False
2016-04-04,3.371086569999999,,False
2016-04-05,0.94010335,,False
2016-04-06,2.8991562,,False
2016-04-07,3.4788652999999994,,False
2016-04-08,3.80863176,,False
2016-04-09,2.6377975800000004,,False
2016-04-10,2.58465749,,False
2016-04-11,8.892292679999997,,False
2016-04-12,2.2863077,,False
2016-04-13,8.56416241,,False
2016-04-14,2.71536923,,False
2016-04-15,2.71688898,,False
2016-04-16,5.003514649999999,,False
2016-04-17,4.5758667,,False
2016-04-18,2.34293786,,False
2016-04-19,1.09229947,,False
2016-04-20,3.34499424,,False
2016-04-21,2.8067884500000013,,False
2016-04-22,3.0835920600000004,,False
2016-04-23,4.58291857,,False
2016-04-24,0.76390447,,False
2016-04-25,9.63492138,,False
2016-04-26,3.1117687500000013,,False
2016-04-27,8.491025910000001,,False
2016-04-28,2.49023556,,False
2016-04-29,5.143422659999999,,False
2016-04-30,2.57496359,,False
2016-05-01,1.40665586,,False
2016-05-02,8.885786540000002,,False
2016-05-03,2.65446384,,False
2016-05-04,9.16120504,,False
2016-05-05,2.7408137099999994,,False
2016-05-06,2.6857054900000006,,False
2016-05-07,8.19311353,,False
2016-05-08,3.8311579,,False
2016-05-09,2.30962196,,False
2016-05-10,10.03494544,,False
2016-05-11,2.8001959400000005,,False
2016-05-12,2.8635056599999986,,False
2016-05-13,11.84003106,,False
2016-05-14,3.1545035199999987,,False
2016-05-15,3.8431622,,False
2016-05-16,3.8101304,,False
2016-05-17,8.28044607,,False
2016-05-18,2.61983535,,False
2016-05-19,4.24282827,,False
2016-05-20,8.30905273,,False
2016-05-21,4.06981658,,False
2016-05-22,5.483167390000002,,False
2016-05-23,1.94623262,,False
2016-05-24,10.7902653,,False
2016-05-25,3.1511756400000004,,False
2016-05-26,2.9321223200000004,,False
2016-05-27,3.5344241900000006,,False
2016-05-28,8.980371179999997,,False
2016-05-29,3.79939065,,False
2016-05-30,2.07935537,,False
2016-05-31,9.092961,,False
2016-06-01,4.1486949,,False
2016-06-02,4.262948889999999,,False
2016-06-03,11.726295400000005,,False
2016-06-04,2.3224725200000003,,False
2016-06-05,2.69421708,,False
2016-06-06,1.2128671999999998,,False
2016-06-07,3.72419081,,False
2016-06-08,13.238990509999995,,False
2016-06-09,3.02972289,,False
2016-06-10,10.92469987,,False
2016-06-11,2.4619411399999995,,False
2016-06-12,4.420777050000002,,False
2016-06-13,3.689477500000001,,False
2016-06-14,9.30201895,,False
2016-06-15,3.184192519999999,,False
2016-06-16,9.40659622,,False
2016-06-17,3.53448463,,False
2016-06-18,2.8059221600000006,,False
2016-06-19,13.50701599,,False
2016-06-20,5.391279430000001,,False
2016-06-21,9.077900917000001,,False
2016-06-22,5.962260960000001,,False
2016-06-23,2.57366965,,False
2016-06-24,10.537047780000002,,False
2016-06-25,3.0914067210000007,2016-06-25,True
2016-06-26,1.14601134,2016-06-26,True
2016-06-27,2.70366939,2016-06-27,True
2016-06-28,2.776329447,2016-06-28,True
2016-06-29,8.958558199999999,,False
2016-06-30,2.72786562,,False
2016-07-01,2.3894064,,False
2016-07-02,10.767006199999999,,False
2016-07-03,3.122207073,,False
2016-07-04,4.13648223,,False
2016-07-05,8.542378150000003,,False
2016-07-06,3.1017372300000012,,False
2016-07-07,9.38101241,,False
2016-07-08,4.233205300000002,,False
2016-07-09,1.36245569,,False
2016-07-10,2.3622010400000004,,False
2016-07-11,2.77615358,,False
2016-07-12,9.684474959999998,,False
2016-07-13,3.177699,,False
2016-07-14,7.593102737,,False
2016-07-15,2.41277908,,False
2016-07-16,6.005013090000002,,False
2016-07-17,1.3241403499999995,,False
2016-07-18,10.141772220000002,,False
2016-07-19,8.44014407,,False
2016-07-20,9.2340597,,False
2016-07-21,3.1275899,,False
2016-07-22,3.4672766700000013,,False
2016-07-23,5.0113701100000005,,False
2016-07-24,3.6248823399999988,,False
2016-07-25,9.8784701,,False
2016-07-26,3.53658588,,False
2016-07-27,9.05435829,,False
2016-07-28,2.7026641500000004,,False
2016-07-29,4.9653973,,False
2016-07-30,3.951394,,False
2016-07-31,2.45305354,,False
2016-08-01,1.37954941,,False
2016-08-02,2.5514762500000003,,False
2016-08-03,9.642117313,,False
2016-08-04,5.079325309999999,,False
2016-08-05,2.9550202100000003,,False
2016-08-06,13.64411878,,False
2016-08-07,2.4845958400000003,,False
2016-08-08,3.3035830099999988,,False
2016-08-09,7.254902590000001,,False
2016-08-10,7.4277757699999984,,False
2016-08-11,5.020862848999999,2016-08-11,True
2016-08-12,3.41679628,2016-08-12,True
2016-08-13,5.89291237,2016-08-13,True
2016-08-14,2.86178734,2016-08-14,True
2016-08-15,4.9585235999999995,2016-08-15,True
2016-08-16,2.98304451,2016-08-16,True
2016-08-17,8.906905119999998,,False
2016-08-18,3.5925191500000007,,False
2016-08-19,2.4678826000000003,,False
2016-08-20,0.97914731,,False
2016-08-21,0.7815852,,False
2016-08-22,2.3245484,,False
2016-08-23,8.475674040000001,,False
2016-08-24,4.1650303000000015,,False
2016-08-25,9.80292221,,False
2016-08-26,4.895946160000001,,False
2016-08-27,0.44570249999999995,,False
2016-08-28,3.79568396,,False
2016-08-29,8.398134477000001,,False
2016-08-30,3.4222762839999987,,False
2016-08-31,5.06067457,,False
2016-09-01,2.995571937,,False
2016-09-02,9.77480641,,False
2016-09-03,3.543391299999999,,False
2016-09-04,1.245318,,False
2016-09-05,9.04806882,,False
2016-09-06,2.39972069,,False
2016-09-07,10.38440296,,False
2016-09-08,6.5769471899999985,,False
2016-09-09,2.6279032000000004,,False
2016-09-10,9.40348632,,False
2016-09-11,3.1851678799999994,,False
2016-09-12,1.7478356000000004,,False
2016-09-13,9.776607569999998,,False
2016-09-14,3.4749860900000007,,False
2016-09-15,4.8824348299999984,2016-09-15,True
2016-09-16,5.28689619,2016-09-16,True
2016-09-17,6.436720600000001,2016-09-17,True
2016-09-18,9.00953068,2016-09-18,True
2016-09-19,3.5465077,,False
2016-09-20,3.4840181800000014,,False
2016-09-21,4.3019641900000005,,False
2016-09-22,3.18144137,,False
2016-09-23,8.599568760000004,,False
2016-09-24,3.3842851299999994,,False
2016-09-25,4.07395155,,False
2016-09-26,8.148719550000001,,False
2016-09-27,5.205218199999999,,False
2016-09-28,3.049257000000001,,False
2016-09-29,10.2911229,,False
2016-09-30,4.1730834099999985,,False
2016-10-01,3.51922932,,False
2016-10-02,0.8878493700000001,,False
2016-10-03,8.274104999999999,,False
2016-10-04,2.547829030000001,,False
2016-10-05,9.1857473,,False
2016-10-06,4.650194980000001,,False
2016-10-07,2.30711605,,False
2016-10-08,9.14641908,,False
2016-10-09,2.76950331,,False
2016-10-10,3.6650251460000014,,False
2016-10-11,10.10310105,,False
2016-10-12,3.2251014199999988,,False
2016-10-13,3.6318074400000007,,False
2016-10-14,3.3154882259,,False
2016-10-15,8.98729672,2016-10-15,True
2016-10-16,2.706620335,2016-10-16,True
2016-10-17,1.79657207,2016-10-17,True
2016-10-18,1.68024802,2016-10-18,True
2016-10-19,4.4120409160000005,2016-10-19,True
2016-10-20,2.68840635,2016-10-20,True
2016-10-21,5.573009289999999,2016-10-21,True
2016-10-22,7.67708284,2016-10-22,True
2016-10-23,9.233855019999998,2016-10-23,True
2016-10-24,5.880501398,2016-10-24,True
2016-10-25,6.04493317,2016-10-25,True
2016-10-26,9.140064790000002,2016-10-26,True
2016-10-27,7.414335684999998,2016-10-27,True
2016-10-28,7.62643039,2016-10-28,True
2016-10-29,4.506694589999999,2016-10-29,True
2016-10-30,1.2987951400000002,,False
2016-10-31,1.4946414930000005,,False
2016-11-01,8.08628845,,False
2016-11-02,5.459805907000001,,False
2016-11-03,2.07157366,,False
2016-11-04,8.430320084,,False
2016-11-05,3.40493754,,False
2016-11-06,1.0194959600000002,,False
2016-11-07,7.219464667,,False
2016-11-08,3.85643504,,False
2016-11-09,4.34282114,,False
2016-11-10,4.58808038,,False
2016-11-11,9.06440965,,False
2016-11-12,4.006259409999998,,False
2016-11-13,1.49863985,,False
2016-11-14,8.911197679999997,,False
2016-11-15,2.5874690609999997,,False
2016-11-16,3.2628585699999992,,False
2016-11-17,3.01439557,,False
2016-11-18,2.0035259780000003,,False
2016-11-19,10.145995180000003,,False
2016-11-20,2.00257881,,False
2016-11-21,2.2859101330000002,,False
2016-11-22,5.29328007,,False
2016-11-23,3.2510019199999998,,False
2016-11-24,2.7785001819999997,,False
2016-11-25,11.696976370000002,,False
2016-11-26,2.48107136,,False
2016-11-27,0.9728995889999998,,False
2016-11-28,8.82849448,,False
2016-11-29,10.30388756,,False
2016-11-30,4.756146439,,False
2016-12-01,4.2380986510000005,,False
2016-12-02,5.056705559999998,,False
2016-12-03,7.13949671,,False
2016-12-04,1.1453228800000002,,False
2016-12-05,2.0774944849999994,,False
2016-12-06,7.826487098999999,,False
2016-12-07,3.09087139,,False
2016-12-08,2.567719250000001,,False
2016-12-09,10.726865807000001,,False
2016-12-10,3.55163902,,False
2016-12-11,1.1691722200000003,,False
2016-12-12,8.663925267,,False
2016-12-13,3.42797826,,False
2016-12-14,2.74370238,,False
2016-12-15,4.2339549000000005,,False
2016-12-16,2.9591055399999995,,False
2016-12-17,1.3524567700000003,,False
2016-12-18,7.349259292999999,,False
2016-12-19,3.0814433199999995,,False
2016-12-20,3.0101540000000013,,False
2016-12-21,8.72846496,,False
2016-12-22,2.4729112000000004,,False
2016-12-23,1.77902296,,False
2016-12-24,2.27200424,,False
2016-12-25,0.0177485,,False
2016-12-26,0.5759916909999999,,False
2016-12-27,0.00769548,,False
2016-12-28,4.66863649,,False
2016-12-29,3.9746345,,False
2016-12-30,1.01673298,,False
2016-12-31,8.631924010999999,,False
2017-01-01,0.30509876,,False
2017-01-02,1.2543503800000002,,False
2017-01-03,10.07960074,,False
2017-01-04,3.63501694,,False
2017-01-05,1.9508021,,False
2017-01-06,8.41869253,,False
2017-01-07,2.2547455400000005,,False
2017-01-08,0.7548863599999999,,False
2017-01-09,2.796040273,,False
2017-01-10,8.3287683,,False
2017-01-11,3.5332851539999997,,False
2017-01-12,2.1814340000000008,,False
2017-01-13,12.18309932,,False
2017-01-14,1.603306,,False
2017-01-15,1.0318309,,False
2017-01-16,8.59577594,,False
2017-01-17,2.3035267900000003,,False
2017-01-18,3.0732019900000003,,False
2017-01-19,10.20421546,,False
2017-01-20,4.366365,,False
2017-01-21,1.3378319099999998,,False
2017-01-22,1.28359536,,False
2017-01-23,4.322475300000002,,False
2017-01-24,9.20121099,,False
2017-01-25,3.4045226558999997,,False
2017-01-26,4.000996110000001,,False
2017-01-27,2.6843905299999995,,False
2017-01-28,9.139053712999996,,False
2017-01-29,0.9078856200000002,,False
2017-01-30,2.3752976390000002,,False
2017-01-31,8.193400313000001,,False
2017-02-01,3.34991306,,False
2017-02-02,2.47276495,,False
2017-02-03,3.0627040399999994,,False
2017-02-04,3.60996888,,False
2017-02-05,1.2452638799999998,,False
2017-02-06,8.309155659999998,,False
2017-02-07,3.790578259000001,,False
2017-02-08,3.8553923660000007,,False
2017-02-09,8.699176617000001,,False
2017-02-10,3.0900179700000003,,False
2017-02-11,3.136747080000001,,False
2017-02-12,2.1845718899999995,,False
2017-02-13,3.61901715,,False
2017-02-14,7.102783707999997,2017-02-14,True
2017-02-15,2.2065306259,2017-02-15,True
2017-02-16,0.611296218,2017-02-16,True
2017-02-17,0.37058312,2017-02-17,True
2017-02-18,3.2770727399999995,2017-02-18,True
2017-02-19,0.41562097,2017-02-19,True
2017-02-20,5.390105113000001,2017-02-20,True
2017-02-21,2.178846043,2017-02-21,True
2017-02-22,3.30056233,,False
2017-02-23,4.4151454800000005,,False
2017-02-24,3.3697563399999995,,False
2017-02-25,2.6745991780000002,,False
2017-02-26,1.2546194300000002,,False
2017-02-27,7.85142673,,False
2017-02-28,2.32318323,,False
2017-03-01,7.912333782999999,,False
2017-03-02,3.43984534,,False
2017-03-03,2.0427087099999994,,False
2017-03-04,5.90672535,,False
2017-03-05,1.879426337,,False
2017-03-06,9.24090598,,False
2017-03-07,3.05407532,,False
2017-03-08,4.23749662,,False
2017-03-09,2.5109095000000003,,False
2017-03-10,8.286040700000001,,False
2017-03-11,1.77820922,,False
2017-03-12,1.79274994,,False
2017-03-13,10.6343728,,False
2017-03-14,3.1997877358999998,,False
2017-03-15,3.8365620299999987,,False
2017-03-16,3.0669938800000005,,False
2017-03-17,2.505620880000001,,False
2017-03-18,2.015287,,False
2017-03-19,1.26181,,False
2017-03-20,9.302273300000001,,False
2017-03-21,2.45207738,,False
2017-03-22,3.0562928200000004,,False
2017-03-23,2.7961825299999994,,False
2017-03-24,16.11446381,,False
2017-03-25,5.79778732,,False
2017-03-26,1.3959606000000002,,False
2017-03-27,2.717858000000001,,False
2017-03-28,0.03538999,,False
2017-03-29,3.09777585,,False
2017-03-30,2.16860277,,False
2017-03-31,5.212159251999999,,False
2017-04-01,3.46769599,,False
2017-04-02,1.2893871000000001,,False
2017-04-03,9.40252845,,False
2017-04-04,2.9135020499999995,,False
2017-04-05,4.046849299999999,,False
2017-04-06,2.77566814,,False
2017-04-07,14.48433947,,False
2017-04-08,1.6473183999999998,,False
2017-04-09,2.15957799,,False
2017-04-10,9.21236609,,False
2017-04-11,3.6183581400000007,,False
2017-04-12,3.844498489999999,,False
2017-04-13,10.37045028,,False
2017-04-14,3.2276368200000007,,False
2017-04-15,4.721194170000001,,False
2017-04-16,0.7546118199999999,,False
2017-04-17,1.6600395900000002,,False
2017-04-18,2.5875932300000004,,False
2017-04-19,3.3607747200000007,,False
2017-04-20,7.9860710300000015,,False
2017-04-21,3.1341178,,False
2017-04-22,14.00503545,,False
2017-04-23,0.76382888,,False
2017-04-24,2.3980822900000005,,False
2017-04-25,10.441949469999997,,False
2017-04-26,3.5857057,,False
2017-04-27,2.45673895,,False
2017-04-28,3.5387190200000003,,False
2017-04-29,3.8852076000000006,,False
2017-04-30,8.50382385,,False
2017-05-01,1.79222093,,False
2017-05-02,4.794847989999999,,False
2017-05-03,3.71947318,,False
2017-05-04,3.30148097,,False
2017-05-05,3.3237214999999996,,False
2017-05-06,4.197367800000001,2017-05-06,True
2017-05-07,2.88800973,2017-05-07,True
2017-05-08,1.570733,2017-05-08,True
2017-05-09,5.4311705,2017-05-09,True
2017-05-10,3.3252005,2017-05-10,True
2017-05-11,2.1692304199999994,2017-05-11,True
2017-05-12,8.2205111,2017-05-12,True
2017-05-13,15.71307362,2017-05-13,True
2017-05-14,4.56696293,2017-05-14,True
2017-05-15,3.39246701,2017-05-15,True
2017-05-16,5.123614599999999,2017-05-16,True
2017-05-17,3.57992646,2017-05-17,True
2017-05-18,2.234884890000001,,False
2017-05-19,3.91724499,,False
2017-05-20,3.15110633,,False
2017-05-21,1.071184,,False
2017-05-22,8.301947279999998,,False
2017-05-23,7.57907374,,False
2017-05-24,2.8870050400000014,,False
2017-05-25,4.238152059999999,,False
2017-05-26,2.7587863390000003,,False
2017-05-27,9.948790700000002,,False
2017-05-28,1.5026278900000003,,False
2017-05-29,3.2177804900000013,,False
2017-05-30,3.37915156,,False
2017-05-31,2.75883137,,False
2017-06-01,2.8369451700000012,,False
2017-06-02,10.8065036,,False
2017-06-03,3.5262524000000006,,False
2017-06-04,1.5844477899999996,,False
2017-06-05,0.23551232,,False
2017-06-06,2.9233528000000004,,False
2017-06-07,3.67685346,,False
2017-06-08,3.07031356,,False
2017-06-09,2.82981285,,False
2017-06-10,4.78371513,,False
2017-06-11,9.876450030000004,,False
2017-06-12,3.1962958500000003,,False
2017-06-13,4.21173849,2017-06-13,True
2017-06-14,8.67803429,2017-06-14,True
2017-06-15,9.92854306,2017-06-15,True
2017-06-16,4.349187840000001,2017-06-16,True
2017-06-17,2.4559738100000006,2017-06-17,True
2017-06-18,1.7586221560000004,2017-06-18,True
2017-06-19,2.0796681,2017-06-19,True
2017-06-20,2.85235108,2017-06-20,True
2017-06-21,3.8355571280000014,,False
2017-06-22,3.56257034,,False
2017-06-23,8.693938540000001,,False
2017-06-24,1.6352693699999998,,False
2017-06-25,2.5034657300000003,,False
2017-06-26,8.13443122,,False
2017-06-27,3.1071273299999986,,False
2017-06-28,8.70554399,,False
2017-06-29,2.5464309899999997,,False
2017-06-30,11.00861554,,False
2017-07-01,3.05064595,,False
2017-07-02,1.43286214,,False
2017-07-03,2.96313194,,False
2017-07-04,2.62042288,,False
2017-07-05,4.859970569999999,,False
2017-07-06,9.8536233,,False
2017-07-07,5.384303039999998,,False
2017-07-08,1.13076809,,False
2017-07-09,3.526854080000001,,False
2017-07-10,8.55389688,,False
2017-07-11,3.8313906800000006,,False
2017-07-12,3.90591354,,False
2017-07-13,5.34603003,,False
2017-07-14,7.0189974400000015,,False
2017-07-15,5.429030299999999,,False
2017-07-16,2.72439293,,False
2017-07-17,9.57931336,,False
2017-07-18,3.6063861000000004,,False
2017-07-19,3.59630702,,False
2017-07-20,5.383443269999999,,False
2017-07-21,2.8131309900000003,,False
2017-07-22,8.420759649999997,,False
2017-07-23,1.5574729699999998,,False
2017-07-24,9.25634546,,False
2017-07-25,4.216356060000002,,False
2017-07-26,3.5356141299999995,,False
2017-07-27,3.38379001,,False
2017-07-28,11.227464987000001,,False
2017-07-29,4.397847409999999,,False
2017-07-30,1.14204804,,False
2017-07-31,2.7499602599999986,,False
2017-08-01,2.40739414,,False
2017-08-02,8.23192845,,False
2017-08-03,2.9431342999999996,,False
2017-08-04,11.06529219,,False
2017-08-05,5.839151342000003,,False
2017-08-06,1.73884816,,False
2017-08-07,8.0314002,,False
2017-08-08,3.92040316,,False
2017-08-09,9.56478643,,False
2017-08-10,4.29967599,,False
2017-08-11,8.22855119,,False
2017-08-12,4.13799747,,False
2017-08-13,3.16885437,,False
2017-08-14,0.41140416,,False
2017-08-15,4.1908701000000015,,False
2017-08-16,8.903645540000003,,False
2017-08-17,2.4523671799999995,,False
2017-08-18,10.523150910000002,,False
2017-08-19,2.85839527,,False
2017-08-20,1.44409568,,False
2017-08-21,3.1052976200000004,,False
2017-08-22,6.02777934,,False
2017-08-23,9.529614340000002,,False
2017-08-24,3.928778650000001,,False
2017-08-25,2.556231625,,False
2017-08-26,4.761347210000001,,False
2017-08-27,2.64903739,,False
2017-08-28,8.456641690000001,,False
2017-08-29,3.25203076,,False
2017-08-30,3.663962600000001,,False
2017-08-31,4.675756383,,False
2017-09-01,3.18260056,,False
2017-09-02,0.73668173,,False
2017-09-03,0.0492042,,False
2017-09-04,3.65782103,,False
2017-09-05,2.46418841,,False
2017-09-06,2.7822135200000013,,False
2017-09-07,0.7829378899999999,,False
2017-09-08,8.49660031,,False
2017-09-09,3.74509655,,False
2017-09-10,1.69412855,,False
2017-09-11,2.3762795100000003,,False
2017-09-12,3.76532857,,False
2017-09-13,3.2164265399999987,,False
2017-09-14,3.82186626,,False
2017-09-15,2.78111038,,False
2017-09-16,3.61173582,,False
2017-09-17,6.531540330000002,,False
2017-09-18,3.8554968600000006,,False
2017-09-19,2.456459630000001,,False
2017-09-20,11.00793246,,False
2017-09-21,3.6433446,,False
2017-09-22,7.247019069999999,,False
2017-09-23,5.061673049999998,,False
2017-09-24,7.1119001499999985,,False
2017-09-25,2.7607440000000003,,False
2017-09-26,8.220756999999999,,False
2017-09-27,4.0646,,False
2017-09-28,4.64447,,False
2017-09-29,8.522659999999998,,False
2017-09-30,3.0241657,,False
